-- phpMyAdmin SQL Dump
-- version 5.0.4
-- https://www.phpmyadmin.net/
--
-- Host: localhost
-- Generation Time: Oct 07, 2025 at 02:06 PM
-- Server version: 5.7.31
-- PHP Version: 7.2.34

SET SQL_MODE = "NO_AUTO_VALUE_ON_ZERO";
START TRANSACTION;
SET time_zone = "+00:00";


/*!40101 SET @OLD_CHARACTER_SET_CLIENT=@@CHARACTER_SET_CLIENT */;
/*!40101 SET @OLD_CHARACTER_SET_RESULTS=@@CHARACTER_SET_RESULTS */;
/*!40101 SET @OLD_COLLATION_CONNECTION=@@COLLATION_CONNECTION */;
/*!40101 SET NAMES utf8mb4 */;

--
-- Database: `admin_law`
--

-- --------------------------------------------------------

--
-- Table structure for table `doc`
--

CREATE TABLE `doc` (
  `id` int(11) NOT NULL,
  `doc_id` varchar(100) NOT NULL,
  `name` text NOT NULL,
  `cat` text NOT NULL,
  `type` int(11) NOT NULL,
  `image` text NOT NULL,
  `doc_status` int(11) NOT NULL DEFAULT '1',
  `doc_permission` int(11) DEFAULT '1',
  `event_date` text,
  `date` timestamp NOT NULL DEFAULT CURRENT_TIMESTAMP
) ENGINE=InnoDB DEFAULT CHARSET=utf8;

--
-- Dumping data for table `doc`
--

INSERT INTO `doc` (`id`, `doc_id`, `name`, `cat`, `type`, `image`, `doc_status`, `doc_permission`, `event_date`, `date`) VALUES
(1, '1', 'ระเบียบ ว่าด้วยวิธีการงบประมาณ ๒๕๕๖', '1', 1, '1.1 ว่าด้วยวิธีการงบประมาณ ๒๕๕๖.pdf', 1, 0, NULL, '2010-02-22 20:21:00'),
(2, '1', 'ระเบียบ ว่าด้วยวิธีการงบประมาณ (ฉบับที่ ๒) ๒๕๖๒', '1', 1, '1.2 ว่าด้วยวิธีการงบประมาณ (ฉบับที่ ๒) ๒๕๖๒.pdf', 1, 0, NULL, '2010-02-22 20:21:00'),
(3, '1', 'ระเบียบ ว่าด้วยการรับบริจาค พ.ศ.๒๕๔๔', '1', 1, '2.ว่าด้วยการรับบริจาค พ.ศ.๒๕๔๔.pdf', 1, 0, NULL, '2010-02-22 20:21:00'),
(4, '1', 'ระเบียบ ว่าด้วยการตรวจสอบภายใน พ.ศ.๒๕๔๔', '1', 1, '3.ว่าด้วยการตรวจสอบภายใน พ.ศ.๒๕๔๔.pdf', 1, 0, NULL, '2010-02-22 20:21:00'),
(5, '1', 'ระเบียบ ว่าด้วยคณะกรรมการตรวจสอบ พ.ศ.๒๕๔๕', '1', 1, '4.ว่าด้วยคณะกรรมการตรวจสอบ พ.ศ.๒๕๔๕.pdf', 1, 0, NULL, '2010-02-22 20:21:00'),
(6, '1', 'ระเบียบ ว่าด้วยยานพาหนะ พ.ศ.๒๕๔๕', '1', 1, '5.1 ว่าด้วยยานพาหนะ พ.ศ.๒๕๔๕.pdf', 1, 0, NULL, '2010-02-22 20:21:00'),
(7, '1', 'ระเบียบ ว่าด้วยยานพาหนะ (ฉบับที่ ๒) พ.ศ.๒๕๖๔', '1', 1, '5.2 ว่าด้วยยานพาหนะ (ฉบับที่ ๒) พ.ศ.๒๕๖๔.pdf', 1, 0, NULL, '2010-02-22 20:21:00'),
(8, '1', 'ระเบียบ ว่าด้วยการบริหารศูนย์การศึกษา พ.ศ.๒๕๕๐', '1', 1, '6.ว่าด้วยการบริหารศูนย์การศึกษา พ.ศ.๒๕๕๐.pdf', 1, 0, NULL, '2010-02-22 20:21:00'),
(9, '1', 'ระเบียบ ว่าด้วยใช้ชื่อเต็มและย่อมหาวิทยาลัยและวิทยาเขตภาคภาษาไทยและภาคภาษาอังกฤษ พ.ศ.๒๕๔๔', '1', 1, '7.ว่าด้วยใช้ชื่อเต็มและย่อมหาวิทยาลัยและวิทยาเขตภาคภาษาไทยและภาคภาษาอังกฤษ พ.ศ.๒๕๔๔.pdf', 1, 0, NULL, '2010-02-22 20:21:00'),
(10, '1', 'ระเบียบ ว่าด้วยการกำหนดรหัสพยัญชนะและเลขประจำส่วนงานเจ้าของเรื่อง พ.ศ. ๒๕๖๒', '1', 1, '8.ว่าด้วยการกำหนดรหัสพยัญชนะและเลขประจำส่วนงานเจ้าของเรื่อง พ.ศ. ๒๕๖๒.pdf', 1, 0, NULL, '2010-02-22 20:21:00'),
(11, '1', 'ระเบียบ ว่าด้วยการใช้ชื่อเต็มและย่อมหาวิทยาลัย วิทยาเขตและวิทยาลัยภาคภาษาไทยและภาษาอังกฤษ', '1', 1, '9.ว่าด้วย การใช้ชื่อเต็มและย่อมหาวิทยาลัย วิทยาเขตและวิทยาลัยภาคภาษาไทยและภาษาอังกฤษ.pdf', 1, 0, NULL, '2010-02-22 20:21:00'),
(12, '1', 'ข้อบังคับ ว่าด้วยการประชุมสภามหาวิทยาลัย พ.ศ.๒๕๔๐', '2', 1, '1.ว่าด้วยการประชุมสภามหาวิทยาลัย พ.ศ.๒๕๔๐.pdf', 1, 0, NULL, '2010-02-22 20:21:00'),
(13, '1', 'ข้อบังคับ ว่าด้วยการตรวจสอบ พ.ศ.๒๕๖๔', '2', 1, '10.ว่าด้วยการตรวจสอบ พ.ศ.๒๕๖๔.pdf', 1, 0, NULL, '2010-02-22 20:21:00'),
(14, '1', 'ข้อบังคับ ว่าด้วยการบริหารความเสี่ยงและการควบคุมภายใน พ.ศ.๒๕๖๔', '2', 1, '11.ว่าด้วยการบริหารความเสี่ยงและการควบคุมภายใน พ.ศ.๒๕๖๔.pdf', 1, 0, NULL, '2010-02-22 20:21:00'),
(15, '1', 'ข้อบังคับ ว่าด้วยการแบ่งส่วนงานระดับต่ำกว่ากอง พ.ศ.๒๕๖๔', '2', 1, '12.ว่าด้วยการแบ่งส่วนงานระดับต่ำกว่ากอง พ.ศ.๒๕๖๔.pdf', 1, 0, NULL, '2010-02-22 20:21:00'),
(16, '1', 'ข้อบังคับ ว่าด้วยหอพักมหาวิทยาลัยมหามกุฏราชวิทยาลัย พ.ศ.๒๕๖๕', '2', 1, '13.ว่าด้วยหอพักมหาวิทยาลัยมหามกุฏราชวิทยาลัย พ.ศ.๒๕๖๕.pdf', 1, 0, NULL, '2010-02-22 20:21:00'),
(17, '1', 'ข้อบังคับ ว่าด้วยการรักษาการแทนและการมอบอำนาจให้ปฏิบัติการแทน พ.ศ.๒๕๖๖', '2', 1, '14.ว่าด้วยการรักษาการแทนและการมอบอำนาจให้ปฏิบัติการแทน พ.ศ.๒๕๖๖.pdf', 1, 0, NULL, '2010-02-22 20:21:00'),
(18, '1', 'ข้อบังคับ ว่าด้วยคณะกรรมการประจำบัณฑิตวิทยาลัย คณะกรรมการประจำคณะ และคณะกรรมการประจำวิทยาลัย พ.ศ.๒๕๖๖', '2', 1, '15.คณะกรรมการประจำบัณฑิตวิทยาลัย คณะกรรมการประจำคณะ... พ.ศ.๒๕๖๖.pdf', 1, 0, NULL, '2010-02-22 20:21:00'),
(19, '1', 'ข้อบังคับ ว่าด้วยการประชุมสภาวิชาการ พ.ศ.๒๕๔๓', '2', 1, '2.ว่าด้วยการประชุมสภาวิชาการ พ.ศ.๒๕๔๓.pdf', 1, 0, NULL, '2010-02-22 20:21:00'),
(20, '1', 'ข้อบังคับ ว่าด้วยคณะกรรมการประจำมหาปชาบดีเถรีวิทยาลัยในพระสังฆราชูปถัมภ์ พ.ศ.๒๕๔๖', '2', 1, '3.ว่าด้วยคณะกรรมการประจำมหาปชาบดีเถรีวิทยาลัยในพระสังฆราชูปถัมภ์ พ.ศ.๒๕๔๖.pdf', 1, 0, NULL, '2010-02-22 20:21:00'),
(21, '1', 'ข้อบังคับ ว่าด้วยการกำหนดสีและความหมายดวงตรามหาวิทยาลัย พ.ศ.๒๕๔๖', '2', 1, '4.ว่าด้วยการกำหนดสีและความหมายดวงตรามหาวิทยาลัย พ.ศ.๒๕๔๖.pdf', 1, 0, NULL, '2010-02-22 20:21:00'),
(22, '1', 'ข้อบังคับ ว่าด้วยหลักเกณฑ์และวิธีการเปิดศูนย์การศึกษามหาวิทยาลัยมหามกุฏราชวิทยาลัย พ.ศ.๒๕๔๙', '2', 1, '5.ว่าด้วยหลักเกณฑ์และวิธีการเปิดศูนย์การศึกษามหาวิทยาลัยมหามกุฏราชวิทยาลัย พ.ศ.๒๕๔๙.pdf', 1, 0, NULL, '2010-02-22 20:21:00'),
(23, '1', 'ข้อบังคับ ว่าด้วยการทำงานล่วงเวลา พ.ศ.๒๕๕๐', '2', 1, '6.ว่าด้วยการทำงานล่วงเวลา พ.ศ.๒๕๕๐.pdf', 1, 0, NULL, '2011-02-22 20:21:00'),
(24, '1', 'ข้อบังคับ ว่าด้วยคุณสมบัติ หลักเกณฑ์และวิธีการแต่งตั้งอาจารย์พิเศษ พ.ศ.๒๕๖๐', '2', 1, '7.ว่าด้วยคุณสมบัติ หลักเกณฑ์และวิธีการแต่งตั้งอาจารย์พิเศษ พ.ศ.๒๕๖๐.pdf', 1, 0, NULL, '2012-02-22 20:21:00'),
(25, '1', 'ข้อบังคับ ว่าด้วยคุณสมบัติ หลักเกณฑ์ และวิธีการเลือกกรรมการสภาวิชาการจากคณาจารย์ประจำคณะ พ.ศ.๒๕๖๓', '2', 1, '8.คุณสมบัติหลักเกณฑ์และวิธีการเลือกกรรมการสภาวิชาการจากคณาจารย์ประจำคณะ พ.ศ.๒๕๖๓.pdf', 1, 0, NULL, '2013-02-22 20:21:00'),
(26, '1', 'ข้อบังคับ ว่าด้วยการสรรหาหัวหน้าภาควิชา พ.ศ.๒๕๖๔', '2', 1, '9.ว่าด้วยการสรรหาหัวหน้าภาควิชา พ.ศ.๒๕๖๔.pdf', 1, 0, NULL, '2014-02-22 20:21:00'),
(27, '1', 'ข้อกำหนด ว่าด้วยการจัดตั้งส่วนงาน พ.ศ.๒๕๔๑', '3', 1, '1.ว่าด้วยการจัดตั้งส่วนงาน พ.ศ.๒๕๔๑.pdf', 1, 0, NULL, '2015-02-22 20:21:00'),
(28, '1', 'ข้อกำหนด ว่าด้วยการจัดตั้งส่วนงาน พ.ศ.๒๕๔๑ (เพิ่มเติม)', '3', 1, '2.ว่าด้วยการจัดตั้งส่วนงาน พ.ศ.๒๕๔๑ (เพิ่มเติม).pdf', 1, 0, NULL, '2016-02-22 20:21:00'),
(29, '1', 'ข้อกำหนด ว่าด้วยการจัดตั้งส่วนงาน (ฉบับที่ ๓)  พ.ศ.๒๕๕๐', '3', 1, '3.ว่าด้วยการจัดตั้งส่วนงาน (ฉบับที่ ๓)  พ.ศ.๒๕๕๐.pdf', 1, 0, NULL, '2017-02-22 20:21:00'),
(30, '1', 'ข้อกำหนด ว่าด้วยการจัดตั้งส่วนงาน (ฉบับที่ ๔)  พ.ศ.๒๕๖๖', '3', 1, '4.ว่าด้วยการจัดตั้งส่วนงาน (ฉบับที่ ๔)  พ.ศ.๒๕๖๖.pdf', 1, 0, NULL, '2018-02-22 20:21:00'),
(31, '1', 'ข้อกำหนด ว่าด้วยการจัดตั้งส่วนงาน (ฉบับที่ ๕) พ.ศ.๒๕๖๖', '3', 1, '5.ว่าด้วยการจัดตั้งส่วนงาน (ฉบับที่ ๕) พ.ศ.๒๕๖๖.pdf', 1, 0, NULL, '2019-02-22 20:21:00'),
(32, '1', 'ระเบียบ ว่าด้วยเครื่องแบบบุคลากรมหาวิทยาลัย พ.ศ.๒๕๔๑.pdf', '1', 2, '1.ว่าด้วยเครื่องแบบบุคลากรมหาวิทยาลัย พ.ศ.๒๕๔๑.pdf', 1, 0, NULL, '2020-02-22 20:21:00'),
(33, '1', 'ระเบียบ ว่าด้วยการลาศึกษาต่อของบุคลากร พ.ศ.๒๕๔๒.pdf', '1', 2, '2.ว่าด้วยการลาศึกษาต่อของบุคลากร พ.ศ.๒๕๔๒.pdf', 1, 0, NULL, '2021-02-22 20:21:00'),
(34, '1', 'ข้อบังคับ ว่าด้วยการบริหารงานบุคคล พ.ศ.๒๕๔๑.pdf', '2', 2, '1.1 ว่าด้วยการบริหารงานบุคคล พ.ศ.๒๕๔๑.pdf', 1, 0, NULL, '2022-02-22 20:21:00'),
(35, '1', 'ข้อบังคับ ว่าด้วยการบริหารงานบุคคล (ฉบับที่ ๒) พ.ศ.๒๕๖๓.pdf', '2', 2, '1.2 ว่าด้วยการบริหารงานบุคคล (ฉบับที่ ๒) พ.ศ.๒๕๖๓.pdf', 1, 0, NULL, '2023-02-22 20:21:00'),
(36, '1', 'ข้อบังคับ ว่าด้วยการบริหารงานบุคคล (ฉบับที่ ๓) พ.ศ.๒๕๖๔.pdf', '2', 2, '1.3 ว่าด้วยการบริหารงานบุคคล (ฉบับที่ ๓) พ.ศ.๒๕๖๔.pdf', 1, 0, NULL, '2024-02-22 20:21:00'),
(37, '1', 'ข้อบังคับ ว่าด้วยการให้บุคลากรลาศึกษา ฝึกอบรม ดูงาน หรือปฏิบัติการวิจัย พ.ศ. ๒๕๖๗.pdf', '2', 2, '10.ว่าด้วยการให้บุคลากรลาศึกษา ฝึกอบรม ดูงาน หรือปฏิบัติการวิจัย พ.ศ. ๒๕๖๗.pdf', 1, 0, NULL, '2025-02-22 20:21:00'),
(38, '1', 'ข้อบังคับ ว่าด้วยการแต่งตั้งบุคคลภายนอกเป็นผู้ทรงคุณวุฒิทางวิชาชีพเพื่อปฏิบัติงานในมหาวิทยาลัย พ.ศ.๒๕๖๖.pdf', '2', 2, '11.ว่าด้วยการแต่งตั้งบุคคลภายนอกเป็นผู้ทรงคุณวุฒิทางวิชาชีพ... พ.ศ.๒๕๖๖.pdf', 1, 0, NULL, '2026-02-22 20:21:00'),
(39, '1', 'ข้อบังคับ ว่าด้วยหลักเกณฑ์และวิธีการจ้างผู้เกษียณอายุปฏิบัติงานในมหาวิทยาลัย พ.ศ.๒๕๔๒.pdf', '2', 2, '2.ว่าด้วยหลักเกณฑ์และวิธีการจ้างผู้เกษียณอายุปฏิบัติงานในมหาวิทยาลัย พ.ศ.๒๕๔๒.pdf', 1, 0, NULL, '2027-02-22 20:21:00'),
(40, '1', 'ข้อบังคับ ว่าด้วยการขอพระราชทานสมณศักดิ์ พ.ศ.๒๕๕๙.pdf', '2', 2, '3.1 ว่าด้วยการขอพระราชทานสมณศักดิ์ พ.ศ.๒๕๕๙.pdf', 1, 0, NULL, '2028-02-22 20:21:00'),
(41, '1', 'ข้อบังคับ ว่าด้วยการขอพระาชทานสมณศักดิ์ (ฉบับที่ ๒) พ.ศ.๒๕๖๖.pdf', '2', 2, '3.2 ว่าด้วยการขอพระาชทานสมณศักดิ์ (ฉบับที่ ๒) พ.ศ.๒๕๖๖.pdf', 1, 0, NULL, '2001-03-22 20:21:00'),
(42, '1', 'ข้อบังคับ ว่าด้วยหลักเกณฑ์และวิธีการเกี่ยวกับการสั่งให้ออกจากงานหรือเลิกจ้างในกรณีอื่นๆ นอกจากกรณีการกระทำผิดวินัย พ.ศ.๒๕๖๓.pdf', '2', 2, '4.ว่าด้วยหลักเกณฑ์และวิธีการเกี่ยวกับการสั่งให้ออกจากงาน...พ.ศ.๒๕๖๓.pdf', 1, 0, NULL, '2002-03-22 20:21:00'),
(43, '1', 'ข้อบังคับ ว่าด้วยหลักเกณฑ์และวิธีการเกี่ยวกับการดำเนินการทางวินัย การสอบสวนพิจารณา การลงโทษ การสั่งพักงาน การอุทธรณ์และการพิจารณาอุทธณ์ พ.ศ.๒๕๖๓.pdf', '2', 2, '5.ว่าด้วยหลักเกณฑ์และวิธีการเกี่ยวกับการดำเนินการทางวินัย ... พ.ศ.๒๕๖๓.pdf', 1, 0, NULL, '2003-03-22 20:21:00'),
(44, '1', 'ข้อบังคับ ว่าด้วยการประเมินผลการปฏิบัติงานของบุคลากร พ.ศ.๒๕๖๓.pdf', '2', 2, '6.ว่าด้วยการประเมินผลการปฏิบัติงานของบุคลากร พ.ศ.๒๕๖๓.pdf', 1, 0, NULL, '2004-03-22 20:21:00'),
(45, '1', 'ข้อบังคับ ว่าด้วยหลักเกณฑ์และวิธีการทดลองปฏิบัติงาน พ.ศ.๒๕๖๓.pdf', '2', 2, '7.ว่าด้วยหลักเกณฑ์และวิธีการทดลองปฏิบัติงาน พ.ศ.๒๕๖๓.pdf', 1, 0, NULL, '2005-03-22 20:21:00'),
(46, '1', 'ข้อบังคับ ว่าด้วยการแต่งตั้งบุคลากรประเภทอำนวยการ พ.ศ.๒๕๖๔.pdf', '2', 2, '8.ว่าด้วยการแต่งตั้งบุคลากรประเภทอำนวยการ พ.ศ.๒๕๖๔.pdf', 1, 0, NULL, '2006-03-22 20:21:00'),
(47, '1', 'ข้อบังคับ ว่าด้วยการแต่งตั้งบุคลากรประเภทวิชาชีพและประเภทสนับสนุนปฏิบัติงานวิชาชีพ พ.ศ.๒๕๖๕.pdf', '2', 2, '9.ว่าด้วยการแต่งตั้งบุคลากรประเภทวิชาชีพและประเภทสนับสนุนปฏิบัติงานวิชาชีพ พ.ศ.๒๕๖๕.pdf', 1, 0, NULL, '2007-03-22 20:21:00'),
(48, '1', 'ข้อกำหนด ว่าด้วยวัน เวลาทำงาน วันหยุด การลาและหลักเกณฑ์การลา พ.ศ.๒๕๔๑.pdf', '3', 2, '1.ว่าด้วยวัน เวลาทำงาน วันหยุด การลาและหลักเกณฑ์การลา พ.ศ.๒๕๔๑.pdf', 1, 0, NULL, '2008-03-22 20:21:00'),
(49, '1', 'ระเบียบ ว่าด้วยการให้สวัสดิการในการรักษาพยาบาลแก่บุคลากรและลูกจ้าง พ.ศ.๒๕๔๑.pdf', '1', 3, '1.ว่าด้วยการให้สวัสดิการในการรักษาพยาบาลแก่บุคลากรและลูกจ้าง พ.ศ.๒๕๔๑.pdf', 1, 0, NULL, '2009-03-22 20:21:00'),
(50, '1', 'ระเบียบ ว่าด้วยเงินชดเชย พ.ศ. ๒๕๕๗.pdf', '1', 3, '2.ว่าด้วยเงินชดเชย พ.ศ. ๒๕๕๗.pdf', 1, 0, NULL, '2010-03-22 20:21:00'),
(51, '1', 'ข้อบังคับ ว่าด้วยเงินสวัสดิการเกี่ยวกับการศึกษาบุตร พ.ศ.๒๕๔๔.pdf', '2', 3, '1.ว่าด้วยเงินสวัสดิการเกี่ยวกับการศึกษาบุตร พ.ศ.๒๕๔๔.pdf', 1, 0, NULL, '2010-03-22 20:21:00'),
(52, '1', 'ข้อบังคับ ว่าด้วยการยกเลิกข้อบังคับมหาวิทยาลัยมหามกุฏราชวิทยาลัย ว่าด้วยเงินบำเหน็จของบุคลากร พ.ศ.๒๕๔๔ และข้อบังคับมหาวิทยาลัยมหามกุฏรา.pdf', '2', 3, '2. ว่าด้วยการยกเลิกข้อบังคับ ว่าด้วยเงินบำเหน็จของบุคลากร พ.ศ.๒๕๔๔.pdf', 1, 0, NULL, '2010-03-22 20:21:00'),
(53, '1', 'ข้อบังคับ ว่าด้วยการเลื่อนเงินเดือนของบุคลากร พ.ศ.๒๕๖๔.pdf', '2', 3, '3.ว่าด้วยการเลื่อนเงินเดือนของบุคลากร พ.ศ.๒๕๖๔.pdf', 1, 0, NULL, '2010-03-22 20:21:00'),
(54, '1', 'ข้อบังคับ ว่าด้วยกองทุนเงินสะสมของบุคลากร พ.ศ.๒๕๔๔.pdf', '2', 3, '4.1 ว่าด้วยกองทุนเงินสะสมของบุคลากร พ.ศ.๒๕๔๔.pdf', 1, 0, NULL, '2010-03-22 20:21:00'),
(55, '1', 'ข้อบังคับ ว่าด้วยกองทุนเงินสะสมของบุคลากร (ฉบับที่ ๒) พ.ศ.๒๕๖๒.pdf', '2', 3, '4.2 ว่าด้วยกองทุนเงินสะสมของบุคลากร (ฉบับที่ ๒) พ.ศ.๒๕๖๒.pdf', 1, 0, NULL, '2010-03-22 20:21:00'),
(56, '1', 'ข้อบังคับ ว่าด้วยกองทุนเงินสะสมของบุคลากร (ฉบับที่ ๓) พ.ศ.๒๕๖๖.pdf', '2', 3, '4.3 ว่าด้วยกองทุนเงินสะสมของบุคลากร (ฉบับที่ ๓) พ.ศ.๒๕๖๖.pdf', 1, 0, NULL, '2010-03-22 20:21:00'),
(57, '1', 'ระเบียบ ว่าด้วยการเงินและทรัพย์สินของมหาวิทยาลัย พ.ศ.๒๕๕๖', '1', 4, '1.1 ว่าด้วยการเงินและทรัพย์สินของมหาวิทยาลัย พ.ศ.๒๕๕๖.pdf', 1, 0, NULL, '2010-03-22 20:21:00'),
(58, '1', 'ระเบียบ ว่าด้วยการเงินและทรัพย์สินของมหาวิทยาลัย พ.ศ.๒๕๕๖ แก้ไขเพิ่มเติม (ฉบับที่ ๒) พ.ศ.๒๕๖๒', '1', 4, '1.2 ว่าด้วยการเงินและทรัพย์สินของมหาวิทยาลัย พ.ศ.๒๕๕๖ แก้ไขเพิ่มเติม (ฉบับที่ ๒) พ.ศ.๒๕๖๒.pdf', 1, 0, NULL, '2010-03-22 20:21:00'),
(59, '1', 'ระเบียบ ว่าด้วยการเงินและทรัพย์สินของมหาวิทยาลัย (ฉบับที่ ๓) พ.ศ.๒๕๖๔', '1', 4, '1.3 ว่าด้วยการเงินและทรัพย์สินของมหาวิทยาลัย (ฉบับที่ ๓) พ.ศ.๒๕๖๔.pdf', 1, 0, NULL, '2010-03-22 20:21:00'),
(60, '1', 'ระเบียบ ว่าด้วยการรับจ่ายเก็บรักษาเงินและการบัญชี พ.ศ.๒๕๔๔', '1', 4, '2.1 ว่าด้วยการรับจ่ายเก็บรักษาเงินและการบัญชี พ.ศ.๒๕๔๔.pdf', 1, 0, NULL, '2010-03-22 20:21:00'),
(61, '1', 'ระเบียบ ว่าด้วยการรบจ่ายเก็บรักษาเงินและการบัญชี (ฉบับที่ ๒) พ.ศ.๒๕๖๔', '1', 4, '2.2 ว่าด้วยการรบจ่ายเก็บรักษาเงินและการบัญชี (ฉบับที่ ๒) พ.ศ.๒๕๖๔.pdf', 1, 0, NULL, '2010-03-22 20:21:00'),
(62, '1', 'ระเบียบ ว่าด้วยการจ่ายค่าตอบแทนคณะกรรมการประเมินคุณภาพการศึกษาภายใน พ.ศ.๒๕๕๖', '1', 4, '3.1 ว่าด้วยการจ่ายค่าตอบแทนคณะกรรมการประเมินคุณภาพการศึกษาภายใน พ.ศ.๒๕๕๖.pdf', 1, 0, NULL, '2010-03-22 20:21:00'),
(63, '1', 'ระเบียบ ว่าด้วยการจ่ายค่าตอบแทนคณะกรรมการประเมินคุณภาพการศึกษาภายใน (ฉบับที่ ๒) พ.ศ.๒๕๖๔', '1', 4, '3.2 ว่าด้วยการจ่ายค่าตอบแทนคณะกรรมการประเมินคุณภาพการศึกษาภายใน (ฉบับที่ ๒) พ.ศ.๒๕๖๔.pdf', 1, 0, NULL, '2010-03-22 20:21:00'),
(64, '1', 'ระเบียบ ว่าด้วยการเบิกจ่ายค่าเบี้ยประชุม พ.ศ.๒๕๕๗', '1', 4, '4.1 ว่าด้วยการเบิกจ่ายค่าเบี้ยประชุม พ.ศ.๒๕๕๗.pdf', 1, 0, NULL, '2010-03-22 20:21:00'),
(65, '1', 'ระเบียบ ว่าด้วยการเบิกจ่ายค่าเบี้ยประชุม (ฉบับที่ ๒) พ.ศ.๒๕๖๔', '1', 4, '4.2 ว่าด้วยการเบิกจ่ายค่าเบี้ยประชุม (ฉบับที่ ๒) พ.ศ.๒๕๖๔.pdf', 1, 0, NULL, '2010-03-22 20:21:00'),
(66, '1', 'ระเบียบ ว่าด้วยค่าใช้จ่ายในโครงการฝึกอบรมและการประชุมของมหาวิทยาลัย พ.ศ.๒๕๔๔', '1', 4, '5. ว่าด้วยค่าใช้จ่ายในโครงการฝึกอบรมและการประชุมของมหาวิทยาลัย พ.ศ.๒๕๔๔.pdf', 1, 0, NULL, '2010-03-22 20:21:00'),
(67, '1', 'ระเบียบ ว่าด้วยการบริหารอาคารที่พักอาคันตุกะ พ.ศ.๒๕๖๐', '1', 4, '6. ว่าด้วยการบริหารอาคารที่พักอาคันตุกะ พ.ศ.๒๕๖๐.pdf', 1, 0, NULL, '2010-03-22 20:21:00'),
(68, '1', 'ระเบียบ ว่าด้วยหลักเกณฑ์การเบิกจ่ายการสนับสนุนโครงการเผยแผ่พระพุทธศาสนาและการศึกษาพระปริยัติธรรม พ.ศ.๒๕๖๔', '1', 4, '7. ว่าด้วยหลักเกณฑ์การเบิกจ่ายการสนับสนุนโครงการเผยแผ่... พ.ศ.๒๕๖๔.pdf', 1, 0, NULL, '2010-03-22 20:21:00'),
(69, '1', 'ระเบียบ ว่าด้วยการจัดซื้อจัดจ้างและการบริหารพัสดุโดยใช้เงินบริจาค พ.ศ.๒๕๖๖', '1', 4, '8. ว่าด้วยการจัดซื้อจัดจ้างและการบริหารพัสดุโดยใช้เงินบริจาค พ.ศ.๒๕๖๖.pdf', 1, 0, NULL, '2010-03-22 20:21:00'),
(70, '1', 'ข้อบังคับ ว่าด้วยการเบิกจ่ายเบี้ยเลี้ยงเดินทางและค่าเช่าที่พักในการเดินทางไปปฏิบัติงาน พ.ศ.๒๕๔๐', '2', 4, '1. ว่าด้วยการเบิกจ่ายเบี้ยเลี้ยงเดินทางและค่าเช่าที่พัก... พ.ศ.๒๕๔๐.pdf', 1, 0, NULL, '2010-03-22 20:21:00'),
(71, '1', 'ข้อบังคับ ว่าด้วยการเบิกจ่ายค่าตอบแทนการบรรยายพิเศษ พ.ศ.๒๕๔๒', '2', 4, '2. ว่าด้วยการเบิกจ่ายค่าตอบแทนการบรรยายพิเศษ พ.ศ.๒๕๔๒.pdf', 1, 0, NULL, '2010-03-22 20:21:00'),
(72, '1', 'ข้อบังคับ ว่าด้วยการเบิกจ่ายค่าใช้จ่ายในการเดินทางไปปฏิบัติงาน พ.ศ.๒๕๔๔', '2', 4, '3. ว่าด้วยการเบิกจ่ายค่าใช้จ่ายในการเดินทางไปปฏิบัติงาน พ.ศ.๒๕๔๔.pdf', 1, 0, NULL, '2010-03-22 20:21:00'),
(73, '1', 'ข้อบังคับ ว่าด้วยการเบิกจ่ายค่าตอบแทนของบัณฑิตวิทยาลัย พ.ศ.๒๕๔๒', '2', 4, '4. ว่าด้วยการเบิกจ่ายค่าตอบแทนของบัณฑิตวิทยาลัย พ.ศ.๒๕๔๒.pdf', 1, 0, NULL, '2010-03-22 20:21:00'),
(74, '1', 'ประกาศ เรื่องการบริหารจัดการอัตราค่าตอบแทนและค่าตีพิมพ์ในวารสารวิชาการ พ.ศ. ๒๕๖๖.', '4', 4, 'ประกาศ เรื่องการบริหารจัดการอัตราค่าตอบแทนและค่าตีพิมพ์ในวารสารวิชาการ พ.ศ. ๒๕๖๖.pdf', 1, 0, NULL, '2010-03-22 20:21:00'),
(75, '1', 'ประกาศ เรื่องอัตราค่าใช้จ่ายโครงการถวายภัตตาหารและค่าใช้จ่ายอื่นสำหรับบรรพชิตที่เป็นบุคลากรและนักศึกษาของมหาวิทยาลัยมหามกุฏราชวิทยาลัย', '4', 4, 'ประกาศ เรื่องอัตราค่าใช้จ่ายโครงการถวายภัตตาหาร..._.pdf', 1, 0, NULL, '2010-03-22 20:21:00'),
(76, '1', 'ระเบียบ ว่าด้วยการศึกษาระดับปริญญาตรี พ.ศ.๒๕๔๓', '1', 5, '1.1.ว่าด้วยการศึกษาระดับปริญญาตรี พ.ศ.๒๕๔๓.pdf', 1, 0, NULL, '2010-03-22 20:21:00'),
(77, '1', 'ระเบียบ ว่าด้วยการศึกษาระดับปริญญาตรี พ.ศ.๒๕๕๙', '1', 5, '1.2.ว่าด้วยการศึกษาระดับปริญญาตรี พ.ศ.๒๕๕๙.pdf', 1, 0, NULL, '2010-03-22 20:21:00'),
(78, '1', 'ระเบียบ ว่าด้วยการศึกษาระดับปริญญาตรี (ฉบับที่ ๒) พ.ศ.๒๕๖๒', '1', 5, '1.3.ว่าด้วยการศึกษาระดับปริญญาตรี (ฉบับที่ ๒) พ.ศ.๒๕๖๒.pdf', 1, 0, NULL, '2010-03-22 20:21:00'),
(79, '1', 'ระเบียบ ว่าด้วยการศึกษาระดับปริญญาตรี (ฉบับที่ ๓) พ.ศ.๒๕๖๔', '1', 5, '1.4.ว่าด้วยการศึกษาระดับปริญญาตรี (ฉบับที่ ๓) พ.ศ.๒๕๖๔.pdf', 1, 0, NULL, '2010-03-22 20:21:00'),
(80, '1', 'ระเบียบ ว่าด้วยการส่งเสริมการผลิตตำราและเอกสารทางวิชาการ พ.ศ.๒๕๔๕', '1', 5, '10.ว่าด้วยการส่งเสริมการผลิตตำราและเอกสารทางวิชาการ พ.ศ.๒๕๔๕.pdf', 1, 0, NULL, '2010-03-22 20:21:00'),
(81, '1', 'ระเบียบ ว่าด้วยการจัดการศึกษาระดับประกาศนียบัตรบัณฑิต พ.ศ.๒๕๕๐', '1', 5, '11.ว่าด้วยการจัดการศึกษาระดับประกาศนียบัตรบัณฑิต พ.ศ.๒๕๕๐.pdf', 1, 0, NULL, '2010-03-22 20:21:00'),
(82, '1', 'ระเบียบ ว่าด้วยสหกิจศึกษา พ.ศ.๒๕๕๙', '1', 5, '12.ว่าด้วยสหกิจศึกษา พ.ศ.๒๕๕๙.pdf', 1, 0, NULL, '2010-03-22 20:21:00'),
(83, '1', 'ระเบียบ ว่าด้วยการปฏิบัติงานสำหรับนักศึกษาคฤหัสถ์ พ.ศ.๒๕๔๔', '1', 5, '13.ว่าด้วยการปฏิบัติงานสำหรับนักศึกษาคฤหัสถ์ พ.ศ.๒๕๔๔.pdf', 1, 0, NULL, '2010-03-22 20:21:00'),
(84, '1', 'ระเบียบ ว่าด้วยวินัยนักศึกษาคฤหัสถ์ พ.ศ.๒๕๔๙', '1', 5, '14.ว่าด้วยวินัยนักศึกษาคฤหัสถ์ พ.ศ.๒๕๔๙.pdf', 1, 0, NULL, '2010-03-22 20:21:00'),
(85, '1', 'ระเบียบ ว่าด้วยการให้ทุนบุคลากรศึกษาต่อและฝึกอบรม พ.ศ. ๒๕๔๒ แก้ไขเพิ่มเติม (ฉบับที่ ๒) พ.ศ. ๒๕๕๗', '1', 5, '15.ว่าด้วยการให้ทุนบุคลากรศึกษาต่อและฝึกอบรม พ.ศ. ๒๕๔๒ แก้ไขเพิ่มเติม (ฉบับที่ ๒) พ.ศ. ๒๕๕๗.pdf', 1, 0, NULL, '2010-03-22 20:21:00'),
(86, '1', 'ระเบียบ ว่าด้วยการศึกษาภาคพิเศษในระดับปริญญาตรี พ.ศ. ๒๕๖๗', '1', 5, '16.ว่าด้วยการศึกษาภาคพิเศษในระดับปริญญาตรี พ.ศ. ๒๕๖๗.pdf', 1, 0, NULL, '2010-03-22 20:21:00'),
(87, '1', 'ระเบียบ ว่าด้วยการศึกษาในระดับบัณฑิตศึกษา พ.ศ.๒๕๖๓', '1', 5, '2.1ว่าด้วยการศึกษาในระดับบัณฑิตศึกษา พ.ศ.๒๕๖๓.pdf', 1, 0, NULL, '2010-03-22 20:21:00'),
(88, '1', 'ระเบียบ ว่าด้วยการศึกษาระดับบัณฑิตศึกษา (ฉบับที่ ๒) พ.ศ.๒๕๖๔', '1', 5, '2.2ว่าด้วยการศึกษาระดับบัณฑิตศึกษา (ฉบับที่ ๒) พ.ศ.๒๕๖๔.pdf', 1, 0, NULL, '2010-03-22 20:21:00'),
(89, '1', 'ระเบียบ ว่าด้วยการศึกษาระดับบัณฑิตศึกษา (ฉบับที่ ๓) พ.ศ.๒๕๖๗', '1', 5, '2.3ว่าด้วยการศึกษาระดับบัณฑิตศึกษา (ฉบับที่ ๓) พ.ศ.๒๕๖๗.pdf', 1, 0, NULL, '2010-03-22 20:21:00'),
(90, '1', 'ระเบียบ ว่าด้วยการส่งเสริมการวิจัย พ.ศ.๒๕๕๖', '1', 5, '3.ว่าด้วยการส่งเสริมการวิจัย พ.ศ.๒๕๕๖.pdf', 1, 0, NULL, '2010-03-22 20:21:00'),
(91, '1', 'ระเบียบ ว่าด้วยการใช้ห้องสมุด พ.ศ.๒๕๔๒', '1', 5, '4.ว่าด้วยการใช้ห้องสมุด พ.ศ.๒๕๔๒.pdf', 1, 0, NULL, '2010-03-22 20:21:00'),
(92, '1', 'ระเบียบ ว่าด้วยหลักเกณฑ์และวิธีการขยายห้องเรียนระดับปริญญาตรี พ.ศ.๒๕๔๙', '1', 5, '5.ว่าด้วยหลักเกณฑ์และวิธีการขยายห้องเรียนระดับปริญญาตรี พ.ศ.๒๕๔๙.pdf', 1, 0, NULL, '2010-03-22 20:21:00'),
(93, '1', 'ระเบียบ ว่าด้วยการศึกษาภาคฤดูร้อน พ.ศ.๒๕๔๓', '1', 5, '6.ว่าด้วยการศึกษาภาคฤดูร้อน พ.ศ.๒๕๔๓.pdf', 1, 0, NULL, '2010-03-22 20:21:00'),
(94, '1', 'ระเบียบ ว่าด้วยการอบรมกรรมฐานภาคปกติ พ.ศ.๒๕๔๓', '1', 5, '7.ว่าด้วยการอบรมกรรมฐานภาคปกติ พ.ศ.๒๕๔๓.pdf', 1, 0, NULL, '2010-03-22 20:21:00'),
(95, '1', 'ระเบียบ ว่าด้วยการปฏิบัติศาสนกิจสำหรับพระนักศึกษา พ.ศ.๒๕๔๓', '1', 5, '8.ว่าด้วยการปฏิบัติศาสนกิจสำหรับพระนักศึกษา พ.ศ.๒๕๔๓.pdf', 1, 0, NULL, '2010-03-22 20:21:00'),
(96, '1', 'ระเบียบ ว่าด้วยการจัดการศึกษาศูนย์ศึกษาพระพุทธศาสนาวันอาทิตย์ พ.ศ.๒๕๔๓', '1', 5, '9.ว่าด้วยการจัดการศึกษาศูนย์ศึกษาพระพุทธศาสนาวันอาทิตย์ พ.ศ.๒๕๔๓.pdf', 1, 0, NULL, '2010-03-22 20:21:00'),
(97, '1', 'ข้อบังคับ ว่าด้วยการให้ปริญญากิตติมศักดิ์ พ.ศ.๒๕๖๒', '2', 5, '1.ว่าด้วยการให้ปริญญากิตติมศักดิ์ พ.ศ.๒๕๖๒.pdf', 1, 0, NULL, '2010-03-22 20:21:00'),
(98, '1', 'ข้อบังคับ ว่าด้วยการให้ทุนการศึกษา พ.ศ.๒๕๖๔', '2', 5, '2.ว่าด้วยการให้ทุนการศึกษา พ.ศ.๒๕๖๔.pdf', 1, 0, NULL, '2010-03-22 20:21:00'),
(99, '1', 'ข้อบังคับ ว่าด้วยเครื่องแบบนักศึกษาคฤหัสถ์ พ.ศ.๒๕๔๔', '2', 5, '3.ว่าด้วยเครื่องแบบนักศึกษาคฤหัสถ์ พ.ศ.๒๕๔๔.pdf', 1, 0, NULL, '2010-03-22 20:21:00'),
(100, '1', 'ข้อบังคับ ว่าด้วยครุยวิทยฐานะ เข็มวิทยฐานะ และครุยประจำตำแหน่งของมหาวิทยาลัยมหามกุฏราชวิทยาลัย พ.ศ.๒๕๖๔', '2', 5, '4.ว่าด้วยครุยวิทยฐานะ เข็มวิทยฐานะ และครุยประจำตำแหน่ง... พ.ศ.๒๕๖๔.pdf', 1, 0, NULL, '2010-03-22 20:21:00'),
(101, '1', 'ข้อบังคับ ว่าด้วยตำแหน่งทางวิชาการ พ.ศ.๒๕๖๕', '2', 5, '5.ว่าด้วยตำแหน่งทางวิชาการ พ.ศ.๒๕๖๕.pdf', 1, 0, NULL, '2010-03-22 20:21:00'),
(102, '1', 'ข้อบังคับ ว่าด้วยหลักเกณฑ์และวิธีการเทียบโอนหน่วยกิตและผลการศึกษา พ.ศ. ๒๕๖๗', '2', 5, '6.ว่าด้วยหลักเกณฑ์และวิธีการเทียบโอนหน่วยกิตและผลการศึกษา พ.ศ. ๒๕๖๗.pdf', 1, 0, NULL, '2010-03-22 20:21:00'),
(103, '1', 'ประกาศ  เรื่องหลักเกณฑ์และวิธีการรับนักศึกษาสำหรับคนพิการเข้าศึกษาระดับปริญญาตรี ประจำปีการศึกษา ๒๕๖๖', '4', 5, 'ประกาศ  เรื่อง หลักเกณฑ์ และวิธีการรับนักศึกษาสำหรับคนพิการ... ๒๕๖๖.pdf', 1, 0, NULL, '2010-03-22 20:21:00'),
(104, 'MBU_3_1_20250211141803', 'ข้อกำหนด ว่าด้วยการจัดตั้งส่วนงาน (ฉบับที่ ๖) พ.ศ. ๒๕๖๗ [ราชกิจจานุเบกษา]', '3', 1, 'MBU_3_1_20250211141803.pdf', 1, 1, '2025-02-11 14:18:03', '2025-02-11 07:18:03'),
(105, 'MBU_1_2_20250211171250', 'ระเบียบ ว่าด้วยเครื่องแบบบุคลากรมหาวิทยาลัย พ.ศ. ๒๕๖๗', '1', 2, 'MBU_1_2_20250211171250.pdf', 1, 1, '2025-02-11 17:12:50', '2025-02-11 10:12:50'),
(106, 'MBU_2_1_20250211171357', 'ข้อบังคับ ว่าด้วยการตรวจสอบภายใน พ.ศ. ๒๕๖๗', '2', 1, 'MBU_2_1_20250211171357.pdf', 1, 1, '2025-02-11 17:13:57', '2025-02-11 10:13:57'),
(107, 'MBU_1_1_20250305155058', 'พระราชบัญญัติมหาวิทยาลัยมหามกุฏราชวิทยาลัย พ.ศ. ๒๕๔๐ (ฉบับประกาศในราชกฤษจานุเบกษา)', '5', 6, 'MBU_1_1_20250305155058.pdf', 1, 1, '2025-03-05 15:50:58', '2025-03-05 08:50:58'),
(108, 'MBU_1_1_20250307133306', 'พระราชบัญญัติมหาวิทยาลัยมหามกุฏราชวิทยาลัย พ.ศ. ๒๕๔๐ ( ฉบับปรับปรุงโดยสำนักงานคณะกรรมการกฤษฎีกา)', '5', 6, 'MBU_1_1_20250307133306.pdf', 1, 1, '2025-03-07 13:33:06', '2025-03-07 06:33:06');

-- --------------------------------------------------------

--
-- Table structure for table `document`
--

CREATE TABLE `document` (
  `id` int(11) NOT NULL,
  `name` text NOT NULL,
  `file_name` text NOT NULL,
  `cat` int(3) NOT NULL,
  `type_doc` int(3) NOT NULL,
  `status` int(3) NOT NULL,
  `date_add` timestamp NOT NULL DEFAULT CURRENT_TIMESTAMP,
  `date_edit` timestamp NOT NULL DEFAULT CURRENT_TIMESTAMP ON UPDATE CURRENT_TIMESTAMP,
  `admin_add` text,
  `admin_edit` text
) ENGINE=InnoDB DEFAULT CHARSET=utf8;

--
-- Dumping data for table `document`
--

INSERT INTO `document` (`id`, `name`, `file_name`, `cat`, `type_doc`, `status`, `date_add`, `date_edit`, `admin_add`, `admin_edit`) VALUES
(1, 'ทดสอบระบบ', 'mbu-4985-11.pdf', 1, 1, 1, '2023-10-10 02:39:03', '2023-10-10 02:39:03', 'appzstory test', NULL),
(2, 'ข้อบังคับ ว่าด้วยการแต่งตั้งบุคลากรประเภทวิชาชีพและประเภทสนับสนุนปฏิบัติงานวิชาชีพ พ.ศ. ๒๕๖๕', 'mbu-6430-12.pdf', 2, 1, 1, '2023-10-10 06:13:23', '2023-10-10 06:13:23', 'appzstory test', NULL),
(3, 'ข้อบังคับมหาวิทยาลัย ว่าด้วยตำแหน่งทางวิขาการ พ.ศ. ๒๕๖๕', 'mbu-3883-12.pdf', 2, 1, 1, '2023-10-10 06:37:12', '2023-10-10 06:37:12', 'appzstory test', NULL),
(4, 'ข้อบังคับ ว่าด้วยการตรวจสอบ พ.ศ. ๒๕๖๔', 'mbu-8985-11.pdf', 1, 1, 0, '2023-10-17 02:19:51', '2023-10-17 02:19:51', 'appzstory test', NULL),
(5, 'คำสั่ง เรื่อง ระบบสำหรับการปฏิบัติหน้าที่โดยวิธีการทางอิเล็กทรอนิกส์', 'mbu-3583-21.pdf', 1, 2, 1, '2024-03-06 09:19:43', '2024-03-06 09:19:43', 'appzstory test', NULL);

-- --------------------------------------------------------

--
-- Table structure for table `document_logs`
--

CREATE TABLE `document_logs` (
  `id` int(11) NOT NULL,
  `user_id` int(11) NOT NULL,
  `doc_id` int(11) NOT NULL,
  `timestamp` datetime DEFAULT CURRENT_TIMESTAMP
) ENGINE=InnoDB DEFAULT CHARSET=utf8;

--
-- Dumping data for table `document_logs`
--

INSERT INTO `document_logs` (`id`, `user_id`, `doc_id`, `timestamp`) VALUES
(1, 1, 108, '2025-03-07 14:53:02'),
(2, 1, 1, '2025-03-07 14:53:16'),
(3, 1, 1, '2025-03-07 14:53:45'),
(4, 1, 53, '2025-03-07 14:55:17'),
(5, 1, 1, '2025-03-07 15:07:00'),
(6, 1, 108, '2025-03-07 15:07:10'),
(7, 1, 108, '2025-03-07 15:07:29'),
(8, 1, 1, '2025-03-07 15:14:19'),
(9, 1, 59, '2025-03-07 15:14:37'),
(10, 1, 59, '2025-03-07 16:07:51'),
(11, 1, 107, '2025-03-07 16:08:03'),
(12, 1, 107, '2025-03-07 16:08:51'),
(13, 1, 32, '2025-03-07 16:08:56'),
(14, 1, 107, '2025-03-07 16:09:16'),
(15, 1, 107, '2025-03-07 16:11:27'),
(16, 1, 1, '2025-03-07 16:11:45'),
(17, 1, 1, '2025-03-07 16:11:53'),
(18, 1, 1, '2025-03-07 16:12:34'),
(19, 1, 108, '2025-03-07 17:03:37'),
(20, 1, 108, '2025-03-07 17:03:41'),
(21, 1, 1, '2025-03-07 17:37:48'),
(22, 1, 32, '2025-03-07 17:40:54'),
(23, 1, 32, '2025-03-07 17:41:04'),
(24, 1, 32, '2025-03-07 17:41:08'),
(25, 1, 32, '2025-03-07 17:41:11'),
(26, 1, 1, '2025-03-10 10:53:48'),
(27, 1, 1, '2025-03-12 10:43:41'),
(28, 1, 1, '2025-03-20 13:46:40'),
(29, 1, 1, '2025-03-21 13:22:34'),
(30, 1, 1, '2025-03-21 13:22:37'),
(31, 99, 1, '2025-03-21 16:28:43'),
(32, 99, 1, '2025-03-21 16:29:58'),
(33, 99, 1, '2025-03-21 16:51:24'),
(34, 780, 51, '2025-03-24 14:22:15'),
(35, 780, 90, '2025-03-25 10:21:50'),
(36, 780, 68, '2025-03-26 11:22:48'),
(37, 780, 66, '2025-03-26 11:23:15'),
(38, 780, 93, '2025-03-27 14:18:08'),
(39, 780, 3, '2025-04-02 11:47:28'),
(40, 780, 69, '2025-04-02 11:47:34'),
(41, 29, 66, '2025-04-04 12:49:55'),
(42, 29, 70, '2025-04-04 13:08:21'),
(43, 29, 72, '2025-04-04 13:08:32'),
(44, 780, 24, '2025-04-04 15:23:57'),
(45, 780, 71, '2025-04-04 15:25:46'),
(46, 780, 1, '2025-04-04 16:58:07'),
(47, 780, 1, '2025-04-04 16:58:19'),
(48, 780, 69, '2025-04-17 15:30:49'),
(49, 29, 3, '2025-04-21 11:09:03'),
(50, 29, 60, '2025-04-21 11:19:54'),
(51, 29, 58, '2025-04-21 11:22:58'),
(52, 29, 59, '2025-04-21 11:23:32'),
(53, 29, 57, '2025-04-21 11:24:01'),
(54, 29, 61, '2025-04-21 11:25:53'),
(55, 29, 61, '2025-04-21 11:26:14'),
(56, 29, 37, '2025-04-21 15:11:50'),
(57, 29, 37, '2025-04-21 15:57:40'),
(58, 780, 66, '2025-04-23 15:04:20'),
(59, 780, 3, '2025-04-24 11:23:23'),
(60, 780, 3, '2025-04-24 14:59:19'),
(61, 662, 69, '2025-04-24 16:46:14'),
(62, 1325, 50, '2025-04-24 17:31:38'),
(63, 1325, 32, '2025-04-24 17:43:09'),
(64, 1325, 74, '2025-04-24 17:43:51'),
(65, 1325, 75, '2025-04-24 17:43:59'),
(66, 1325, 108, '2025-04-24 17:44:24'),
(67, 1325, 52, '2025-04-24 17:44:47'),
(68, 29, 1, '2025-04-25 10:11:57'),
(69, 29, 1, '2025-04-25 10:12:55'),
(70, 780, 69, '2025-04-28 11:40:37'),
(71, 780, 69, '2025-04-28 14:20:51'),
(72, 1325, 57, '2025-04-28 14:34:06'),
(73, 1325, 60, '2025-04-28 14:34:29'),
(74, 1325, 57, '2025-04-28 14:36:44'),
(75, 1325, 57, '2025-04-28 14:36:57'),
(76, 1325, 60, '2025-04-28 14:38:08'),
(77, 1325, 66, '2025-04-29 09:44:16'),
(78, 1325, 66, '2025-04-29 09:56:17'),
(79, 1325, 72, '2025-04-29 09:57:02'),
(80, 1325, 23, '2025-04-29 10:17:02'),
(81, 780, 32, '2025-04-29 18:53:41'),
(82, 780, 105, '2025-04-29 18:54:21'),
(83, 780, 48, '2025-04-29 18:56:07'),
(84, 780, 46, '2025-04-29 18:56:16'),
(85, 780, 45, '2025-04-29 18:56:23'),
(86, 780, 44, '2025-04-29 18:56:25'),
(87, 780, 43, '2025-04-29 18:56:27'),
(88, 780, 42, '2025-04-29 18:56:30'),
(89, 780, 41, '2025-04-29 18:59:50'),
(90, 780, 40, '2025-04-29 18:59:53'),
(91, 780, 39, '2025-04-29 18:59:56'),
(92, 780, 38, '2025-04-29 18:59:59'),
(93, 780, 37, '2025-04-29 19:00:03'),
(94, 780, 36, '2025-04-29 19:00:05'),
(95, 780, 35, '2025-04-29 19:00:07'),
(96, 780, 34, '2025-04-29 19:00:09'),
(97, 780, 33, '2025-04-29 19:00:11'),
(98, 780, 32, '2025-04-29 19:00:13'),
(99, 780, 49, '2025-04-29 19:01:41'),
(100, 780, 49, '2025-04-29 19:01:46'),
(101, 780, 50, '2025-04-29 19:01:47'),
(102, 780, 51, '2025-04-29 19:01:49'),
(103, 780, 52, '2025-04-29 19:01:52'),
(104, 780, 53, '2025-04-29 19:01:54'),
(105, 780, 54, '2025-04-29 19:01:57'),
(106, 780, 55, '2025-04-29 19:01:59'),
(107, 780, 56, '2025-04-29 19:02:01'),
(108, 1325, 57, '2025-05-02 10:56:26'),
(109, 1325, 61, '2025-05-02 10:58:02'),
(110, 780, 42, '2025-05-06 15:13:12'),
(111, 29, 68, '2025-05-07 12:23:09'),
(112, 1325, 60, '2025-05-13 10:24:11'),
(113, 1325, 57, '2025-05-13 10:26:16'),
(114, 1325, 58, '2025-05-13 10:26:25'),
(115, 1325, 60, '2025-05-13 10:26:38'),
(116, 1325, 57, '2025-05-13 10:27:00'),
(117, 1325, 58, '2025-05-13 10:27:04'),
(118, 1325, 59, '2025-05-13 10:27:11'),
(119, 1325, 60, '2025-05-13 10:27:52'),
(120, 29, 98, '2025-05-13 10:54:44'),
(121, 780, 94, '2025-05-16 13:19:07'),
(122, 29, 70, '2025-05-20 15:41:05'),
(123, 29, 72, '2025-05-20 15:41:20'),
(124, 29, 66, '2025-05-21 08:43:51'),
(125, 85, 107, '2025-05-26 09:27:05'),
(126, 85, 108, '2025-05-26 09:28:20'),
(127, 85, 1, '2025-05-26 09:30:01'),
(128, 85, 2, '2025-05-26 09:30:22'),
(129, 85, 3, '2025-05-26 09:30:29'),
(130, 85, 4, '2025-05-26 09:30:48'),
(131, 85, 5, '2025-05-26 09:30:55'),
(132, 85, 6, '2025-05-26 09:31:04'),
(133, 85, 7, '2025-05-26 09:31:11'),
(134, 85, 8, '2025-05-26 09:31:22'),
(135, 85, 9, '2025-05-26 09:31:32'),
(136, 85, 10, '2025-05-26 09:31:40'),
(137, 85, 11, '2025-05-26 09:31:44'),
(138, 85, 12, '2025-05-26 09:31:49'),
(139, 85, 13, '2025-05-26 09:32:19'),
(140, 85, 14, '2025-05-26 09:32:27'),
(141, 85, 15, '2025-05-26 09:32:36'),
(142, 85, 16, '2025-05-26 09:32:40'),
(143, 85, 17, '2025-05-26 09:32:48'),
(144, 85, 18, '2025-05-26 09:33:05'),
(145, 85, 19, '2025-05-26 09:33:12'),
(146, 85, 21, '2025-05-26 09:33:28'),
(147, 85, 20, '2025-05-26 09:33:32'),
(148, 85, 22, '2025-05-26 09:33:37'),
(149, 85, 23, '2025-05-26 09:33:42'),
(150, 85, 24, '2025-05-26 09:33:48'),
(151, 85, 25, '2025-05-26 09:33:53'),
(152, 85, 26, '2025-05-26 09:33:57'),
(153, 85, 27, '2025-05-26 09:34:03'),
(154, 85, 28, '2025-05-26 09:34:09'),
(155, 85, 29, '2025-05-26 09:34:15'),
(156, 85, 30, '2025-05-26 09:34:20'),
(157, 85, 31, '2025-05-26 09:34:24'),
(158, 85, 104, '2025-05-26 09:34:28'),
(159, 85, 106, '2025-05-26 09:34:35'),
(160, 85, 104, '2025-05-26 09:38:30'),
(161, 85, 106, '2025-05-26 09:39:22'),
(162, 85, 32, '2025-05-26 09:40:38'),
(163, 85, 33, '2025-05-26 09:41:03'),
(164, 85, 34, '2025-05-26 09:41:08'),
(165, 85, 35, '2025-05-26 09:41:16'),
(166, 85, 36, '2025-05-26 09:41:26'),
(167, 85, 37, '2025-05-26 09:41:34'),
(168, 85, 38, '2025-05-26 09:41:39'),
(169, 85, 39, '2025-05-26 09:41:45'),
(170, 85, 39, '2025-05-26 09:41:50'),
(171, 85, 40, '2025-05-26 09:41:55'),
(172, 85, 41, '2025-05-26 09:42:00'),
(173, 85, 42, '2025-05-26 09:42:04'),
(174, 85, 43, '2025-05-26 09:42:10'),
(175, 85, 44, '2025-05-26 09:42:16'),
(176, 85, 45, '2025-05-26 09:42:21'),
(177, 85, 46, '2025-05-26 09:42:25'),
(178, 85, 47, '2025-05-26 09:42:29'),
(179, 85, 48, '2025-05-26 09:42:33'),
(180, 85, 49, '2025-05-26 09:43:55'),
(181, 85, 50, '2025-05-26 09:43:59'),
(182, 85, 51, '2025-05-26 09:44:10'),
(183, 85, 52, '2025-05-26 09:44:14'),
(184, 85, 53, '2025-05-26 09:44:18'),
(185, 85, 54, '2025-05-26 09:44:22'),
(186, 85, 55, '2025-05-26 09:44:25'),
(187, 85, 56, '2025-05-26 09:44:28'),
(188, 85, 57, '2025-05-26 09:45:10'),
(189, 85, 58, '2025-05-26 09:45:14'),
(190, 85, 59, '2025-05-26 09:45:17'),
(191, 85, 60, '2025-05-26 09:45:21'),
(192, 85, 61, '2025-05-26 09:45:26'),
(193, 85, 62, '2025-05-26 09:45:40'),
(194, 85, 63, '2025-05-26 09:45:45'),
(195, 85, 64, '2025-05-26 09:45:49'),
(196, 85, 65, '2025-05-26 09:45:53'),
(197, 85, 66, '2025-05-26 09:45:57'),
(198, 85, 67, '2025-05-26 09:46:12'),
(199, 85, 68, '2025-05-26 09:46:16'),
(200, 85, 69, '2025-05-26 09:46:19'),
(201, 85, 70, '2025-05-26 09:46:23'),
(202, 85, 70, '2025-05-26 09:46:30'),
(203, 85, 71, '2025-05-26 09:46:57'),
(204, 85, 72, '2025-05-26 09:47:02'),
(205, 85, 73, '2025-05-26 09:47:07'),
(206, 85, 74, '2025-05-26 09:47:11'),
(207, 85, 76, '2025-05-26 09:47:53'),
(208, 85, 77, '2025-05-26 09:47:58'),
(209, 85, 78, '2025-05-26 09:48:08'),
(210, 85, 79, '2025-05-26 09:48:11'),
(211, 85, 80, '2025-05-26 09:48:24'),
(212, 85, 81, '2025-05-26 09:48:28'),
(213, 85, 82, '2025-05-26 09:48:32'),
(214, 85, 83, '2025-05-26 09:48:35'),
(215, 85, 84, '2025-05-26 09:48:38'),
(216, 85, 85, '2025-05-26 09:48:43'),
(217, 85, 86, '2025-05-26 09:48:46'),
(218, 85, 87, '2025-05-26 09:48:49'),
(219, 85, 88, '2025-05-26 09:48:52'),
(220, 85, 89, '2025-05-26 09:48:55'),
(221, 85, 90, '2025-05-26 09:48:58'),
(222, 85, 91, '2025-05-26 09:49:02'),
(223, 85, 85, '2025-05-26 09:49:50'),
(224, 85, 103, '2025-05-26 09:50:44'),
(225, 85, 102, '2025-05-26 09:50:48'),
(226, 85, 101, '2025-05-26 09:50:51'),
(227, 85, 100, '2025-05-26 09:50:55'),
(228, 85, 99, '2025-05-26 09:50:58'),
(229, 85, 98, '2025-05-26 09:51:03'),
(230, 85, 97, '2025-05-26 09:51:08'),
(231, 85, 96, '2025-05-26 09:51:11'),
(232, 85, 95, '2025-05-26 09:51:16'),
(233, 85, 94, '2025-05-26 09:51:32'),
(234, 85, 93, '2025-05-26 09:51:38'),
(235, 85, 92, '2025-05-26 09:51:53'),
(236, 85, 91, '2025-05-26 09:52:08'),
(237, 332, 37, '2025-05-28 09:10:21'),
(238, 332, 38, '2025-05-28 09:13:36'),
(239, 332, 47, '2025-05-28 09:16:51'),
(240, 332, 48, '2025-05-28 09:18:25'),
(241, 332, 105, '2025-05-28 09:22:18'),
(242, 332, 3, '2025-05-28 09:24:45'),
(243, 332, 13, '2025-05-28 09:26:05'),
(244, 332, 16, '2025-05-28 09:26:35'),
(245, 332, 49, '2025-05-28 09:27:57'),
(246, 332, 50, '2025-05-28 09:28:39'),
(247, 332, 54, '2025-05-28 09:29:15'),
(248, 332, 57, '2025-05-28 09:31:20'),
(249, 332, 64, '2025-05-28 09:32:40'),
(250, 332, 65, '2025-05-28 09:33:07'),
(251, 332, 69, '2025-05-28 09:37:03'),
(252, 332, 70, '2025-05-28 09:37:37'),
(253, 332, 74, '2025-05-28 09:38:59'),
(254, 332, 75, '2025-05-28 09:39:42'),
(255, 332, 74, '2025-05-28 09:40:42'),
(256, 19, 1, '2025-06-09 09:36:51'),
(257, 19, 108, '2025-06-09 09:45:44'),
(258, 19, 9, '2025-06-09 09:46:41'),
(259, 19, 21, '2025-06-09 09:50:37'),
(260, 19, 48, '2025-06-09 09:52:11'),
(261, 19, 34, '2025-06-09 09:54:23'),
(262, 19, 1, '2025-06-09 09:55:31'),
(263, 19, 107, '2025-06-09 09:55:38'),
(264, 19, 107, '2025-06-09 09:56:30'),
(265, 19, 1, '2025-06-09 09:57:53'),
(266, 19, 108, '2025-06-09 10:02:12'),
(267, 19, 8, '2025-06-09 10:15:33'),
(268, 19, 11, '2025-06-09 10:18:42'),
(269, 19, 34, '2025-06-09 10:21:45'),
(270, 19, 32, '2025-06-09 10:24:53'),
(271, 19, 108, '2025-06-09 10:25:37'),
(272, 19, 53, '2025-06-09 10:28:18'),
(273, 19, 57, '2025-06-09 10:37:54'),
(274, 19, 50, '2025-06-09 10:38:17'),
(275, 19, 32, '2025-06-09 10:40:10'),
(276, 19, 78, '2025-06-09 10:43:00'),
(277, 780, 48, '2025-06-09 15:02:36'),
(278, 780, 11, '2025-06-09 15:46:23'),
(279, 74, 61, '2025-06-10 08:15:15'),
(280, 74, 61, '2025-06-10 09:32:32'),
(281, 99, 56, '2025-06-14 22:17:17'),
(282, 99, 55, '2025-06-14 22:17:38'),
(283, 99, 54, '2025-06-14 22:17:54'),
(284, 662, 4, '2025-06-17 15:28:24'),
(285, 662, 13, '2025-06-17 15:29:12'),
(286, 453, 49, '2025-06-19 09:37:20'),
(287, 453, 50, '2025-06-19 09:37:36'),
(288, 453, 51, '2025-06-19 09:37:42'),
(289, 453, 52, '2025-06-19 09:37:47'),
(290, 453, 53, '2025-06-19 09:37:56'),
(291, 453, 54, '2025-06-19 09:38:02'),
(292, 453, 55, '2025-06-19 09:38:07'),
(293, 453, 55, '2025-06-19 09:38:28'),
(294, 453, 56, '2025-06-19 09:38:33'),
(295, 453, 56, '2025-06-19 09:38:56'),
(296, 780, 49, '2025-06-26 17:05:52'),
(297, 780, 26, '2025-06-27 12:21:48'),
(298, 780, 90, '2025-06-30 10:34:24'),
(299, 771, 41, '2025-06-30 12:32:50'),
(300, 780, 37, '2025-06-30 15:10:51'),
(301, 662, 36, '2025-07-01 16:54:06'),
(302, 780, 48, '2025-07-02 13:01:38'),
(303, 780, 48, '2025-07-02 15:08:16'),
(304, 780, 66, '2025-07-08 13:57:41'),
(305, 126, 108, '2025-07-09 15:51:17'),
(306, 780, 98, '2025-07-18 13:12:48'),
(307, 754, 105, '2025-07-25 14:59:45'),
(308, 754, 38, '2025-07-25 15:00:21'),
(309, 754, 34, '2025-07-25 15:00:39'),
(310, 754, 34, '2025-07-25 15:00:50'),
(311, 780, 37, '2025-07-29 09:46:28'),
(312, 780, 85, '2025-07-29 10:12:05'),
(313, 780, 66, '2025-07-29 10:12:40'),
(314, 780, 98, '2025-07-29 10:14:15'),
(315, 780, 66, '2025-07-29 10:14:41'),
(316, 964, 32, '2025-07-29 11:10:36'),
(317, 780, 37, '2025-07-29 14:34:24'),
(318, 780, 3, '2025-07-29 14:58:39'),
(319, 780, 98, '2025-07-29 16:12:19'),
(320, 780, 66, '2025-07-30 10:23:53'),
(321, 1214, 34, '2025-07-30 12:58:01'),
(322, 1214, 38, '2025-07-30 12:58:26'),
(323, 780, 12, '2025-07-30 15:07:03'),
(324, 222, 18, '2025-07-31 18:04:24'),
(325, 222, 44, '2025-07-31 18:10:17'),
(326, 754, 69, '2025-08-01 16:34:24'),
(327, 780, 42, '2025-08-05 14:12:43'),
(328, 780, 44, '2025-08-05 15:06:49'),
(329, 754, 104, '2025-08-13 11:49:14'),
(330, 754, 31, '2025-08-13 11:49:16'),
(331, 754, 29, '2025-08-13 11:49:51'),
(332, 754, 30, '2025-08-13 11:50:15'),
(333, 754, 31, '2025-08-13 11:50:36'),
(334, 754, 104, '2025-08-13 11:50:43'),
(335, 754, 46, '2025-08-13 11:51:13'),
(336, 780, 101, '2025-08-13 16:13:55'),
(337, 780, 42, '2025-08-13 16:35:55'),
(338, 1325, 108, '2025-08-14 16:17:22'),
(339, 780, 3, '2025-08-15 13:31:03'),
(340, 780, 10, '2025-08-15 13:35:29'),
(341, 780, 15, '2025-08-15 14:00:57'),
(342, 662, 14, '2025-08-15 15:45:19'),
(343, 780, 85, '2025-08-18 17:11:01'),
(344, 780, 98, '2025-08-18 17:12:20'),
(345, 780, 90, '2025-08-18 17:13:21'),
(346, 780, 17, '2025-08-18 17:15:18'),
(347, 780, 98, '2025-08-18 17:17:08'),
(348, 780, 49, '2025-08-18 17:18:29'),
(349, 780, 70, '2025-08-18 17:19:47'),
(350, 780, 66, '2025-08-18 17:20:19'),
(351, 780, 70, '2025-08-18 17:22:06'),
(352, 85, 49, '2025-08-19 10:38:00'),
(353, 85, 49, '2025-08-19 10:41:39'),
(354, 780, 97, '2025-08-20 10:37:13'),
(355, 662, 38, '2025-08-21 11:44:39'),
(356, 754, 33, '2025-08-21 13:56:34'),
(357, 754, 35, '2025-08-21 13:56:40'),
(358, 754, 43, '2025-08-21 13:56:58'),
(359, 662, 38, '2025-08-21 18:45:58'),
(360, 662, 36, '2025-08-22 12:39:37'),
(361, 662, 35, '2025-08-22 12:40:12'),
(362, 662, 34, '2025-08-22 12:40:43'),
(363, 99, 1, '2025-08-22 15:49:44'),
(364, 99, 1, '2025-08-22 15:54:21'),
(365, 99, 107, '2025-08-22 15:55:01'),
(366, 29, 1, '2025-08-22 16:04:53'),
(367, 1222, 108, '2025-08-22 16:42:51'),
(368, 1212, 36, '2025-08-22 16:42:57'),
(369, 99, 59, '2025-08-22 17:25:37'),
(370, 780, 3, '2025-08-26 11:28:25'),
(371, 780, 57, '2025-08-26 11:32:36'),
(372, 780, 57, '2025-08-26 11:32:41'),
(373, 1325, 1, '2025-08-27 17:04:07'),
(374, 332, 1, '2025-08-28 09:30:42'),
(375, 332, 72, '2025-08-28 09:34:56'),
(376, 332, 72, '2025-08-28 09:39:58'),
(377, 332, 70, '2025-08-28 09:40:40'),
(378, 332, 75, '2025-08-28 09:43:39'),
(379, 332, 53, '2025-08-28 09:46:48'),
(380, 332, 56, '2025-08-28 09:47:33'),
(381, 332, 36, '2025-08-28 09:48:15'),
(382, 332, 37, '2025-08-28 09:48:49'),
(383, 332, 38, '2025-08-28 09:49:45'),
(384, 332, 42, '2025-08-28 09:54:50'),
(385, 332, 7, '2025-08-28 09:57:09'),
(386, 332, 106, '2025-08-28 09:57:40'),
(387, 332, 108, '2025-08-28 09:59:58'),
(388, 780, 3, '2025-08-28 11:10:58'),
(389, 780, 107, '2025-08-29 11:41:44'),
(390, 780, 108, '2025-08-29 11:41:49'),
(391, 780, 42, '2025-08-29 12:57:23'),
(392, 780, 44, '2025-08-29 13:06:54'),
(393, 780, 53, '2025-08-29 13:07:18'),
(394, 1171, 24, '2025-09-03 17:30:39'),
(395, 780, 21, '2025-09-05 15:50:58'),
(396, 1285, 32, '2025-09-11 09:14:33'),
(397, 1285, 53, '2025-09-11 09:46:23'),
(398, 1285, 108, '2025-09-11 09:47:06'),
(399, 1285, 47, '2025-09-11 09:47:54'),
(400, 1285, 34, '2025-09-11 09:48:29'),
(401, 1285, 35, '2025-09-11 09:49:01'),
(402, 1285, 36, '2025-09-11 09:49:11'),
(403, 1285, 47, '2025-09-11 09:49:31'),
(404, 1285, 44, '2025-09-11 09:50:12'),
(405, 1285, 52, '2025-09-11 09:50:28'),
(406, 1285, 57, '2025-09-11 09:50:39'),
(407, 780, 101, '2025-09-15 10:53:53'),
(408, 662, 97, '2025-09-15 19:50:45'),
(409, 222, 102, '2025-09-17 17:14:17'),
(410, 222, 102, '2025-09-18 13:50:54'),
(411, 222, 44, '2025-09-18 13:52:49'),
(412, 780, 10, '2025-09-18 15:37:28'),
(413, 222, 18, '2025-09-18 16:32:36'),
(414, 780, 98, '2025-09-19 16:13:21'),
(415, 744, 57, '2025-09-22 09:46:33'),
(416, 744, 66, '2025-09-22 09:47:49'),
(417, 744, 70, '2025-09-22 09:48:19'),
(418, 780, 12, '2025-09-22 10:26:00'),
(419, 780, 97, '2025-09-22 10:49:40'),
(420, 780, 17, '2025-09-22 10:56:39'),
(421, 780, 97, '2025-09-22 10:59:33'),
(422, 780, 98, '2025-09-22 13:22:47'),
(423, 780, 3, '2025-09-22 15:54:43'),
(424, 780, 108, '2025-09-26 13:05:00'),
(425, 780, 98, '2025-09-26 13:07:20'),
(426, 780, 85, '2025-09-26 13:09:23'),
(427, 222, 80, '2025-09-26 15:20:58'),
(428, 222, 41, '2025-09-26 15:38:26'),
(429, 222, 40, '2025-09-26 15:39:36'),
(430, 222, 41, '2025-09-26 15:39:41'),
(431, 1214, 17, '2025-10-06 10:39:37'),
(432, 44, 17, '2025-10-06 16:08:22'),
(433, 44, 38, '2025-10-06 16:20:46'),
(434, 780, 17, '2025-10-06 16:34:55'),
(435, 99, 3, '2025-10-07 12:28:02');

-- --------------------------------------------------------

--
-- Table structure for table `download_logs`
--

CREATE TABLE `download_logs` (
  `id` int(11) NOT NULL,
  `user_id` int(11) NOT NULL,
  `document_id` int(11) NOT NULL,
  `download_time` datetime DEFAULT CURRENT_TIMESTAMP
) ENGINE=InnoDB DEFAULT CHARSET=utf8;

--
-- Dumping data for table `download_logs`
--

INSERT INTO `download_logs` (`id`, `user_id`, `document_id`, `download_time`) VALUES
(1, 1, 1, '2025-03-07 15:13:39'),
(2, 1, 1, '2025-03-07 15:14:21'),
(3, 1, 59, '2025-03-07 15:14:44'),
(4, 1, 1, '2025-03-07 16:11:52'),
(5, 1, 108, '2025-03-07 17:03:40'),
(6, 99, 1, '2025-03-21 16:30:00'),
(7, 780, 66, '2025-03-26 11:27:08'),
(8, 780, 3, '2025-04-02 11:47:30'),
(9, 780, 69, '2025-04-02 11:47:35'),
(10, 780, 24, '2025-04-04 15:23:59'),
(11, 780, 71, '2025-04-04 15:26:03'),
(12, 780, 69, '2025-04-17 15:30:54'),
(13, 29, 3, '2025-04-21 11:09:05'),
(14, 29, 60, '2025-04-21 11:19:55'),
(15, 29, 58, '2025-04-21 11:23:00'),
(16, 29, 59, '2025-04-21 11:23:33'),
(17, 29, 57, '2025-04-21 11:24:02'),
(18, 29, 61, '2025-04-21 11:25:54'),
(19, 29, 61, '2025-04-21 11:26:15'),
(20, 29, 37, '2025-04-21 15:11:52'),
(21, 29, 37, '2025-04-21 15:57:41'),
(22, 662, 69, '2025-04-24 16:46:28'),
(23, 1325, 50, '2025-04-24 17:31:43'),
(24, 29, 1, '2025-04-25 10:12:57'),
(25, 780, 69, '2025-04-28 11:40:41'),
(26, 1325, 60, '2025-04-28 14:35:53'),
(27, 1325, 66, '2025-04-29 09:44:18'),
(28, 1325, 66, '2025-04-29 09:56:27'),
(29, 1325, 72, '2025-04-29 09:57:03'),
(30, 1325, 23, '2025-04-29 10:17:04'),
(31, 1325, 23, '2025-04-29 10:17:11'),
(32, 780, 105, '2025-04-29 18:54:34'),
(33, 780, 48, '2025-04-29 18:56:09'),
(34, 780, 46, '2025-04-29 18:56:17'),
(35, 780, 45, '2025-04-29 19:00:19'),
(36, 780, 44, '2025-04-29 19:00:21'),
(37, 780, 43, '2025-04-29 19:00:23'),
(38, 780, 42, '2025-04-29 19:00:25'),
(39, 780, 41, '2025-04-29 19:00:27'),
(40, 780, 40, '2025-04-29 19:00:29'),
(41, 780, 39, '2025-04-29 19:00:31'),
(42, 780, 38, '2025-04-29 19:00:33'),
(43, 780, 37, '2025-04-29 19:00:36'),
(44, 780, 36, '2025-04-29 19:00:38'),
(45, 780, 35, '2025-04-29 19:00:41'),
(46, 780, 34, '2025-04-29 19:00:44'),
(47, 780, 33, '2025-04-29 19:00:46'),
(48, 780, 32, '2025-04-29 19:00:49'),
(49, 780, 49, '2025-04-29 19:02:06'),
(50, 780, 50, '2025-04-29 19:02:08'),
(51, 780, 51, '2025-04-29 19:02:10'),
(52, 780, 52, '2025-04-29 19:02:11'),
(53, 780, 53, '2025-04-29 19:02:13'),
(54, 780, 54, '2025-04-29 19:02:15'),
(55, 780, 55, '2025-04-29 19:02:16'),
(56, 780, 56, '2025-04-29 19:02:18'),
(57, 1325, 57, '2025-05-02 10:56:27'),
(58, 1325, 61, '2025-05-02 10:58:12'),
(59, 29, 68, '2025-05-07 12:25:27'),
(60, 1325, 60, '2025-05-13 10:24:12'),
(61, 1325, 58, '2025-05-13 10:26:26'),
(62, 1325, 60, '2025-05-13 10:26:39'),
(63, 29, 98, '2025-05-13 10:54:45'),
(64, 780, 94, '2025-05-16 13:27:42'),
(65, 85, 107, '2025-05-26 09:27:11'),
(66, 85, 108, '2025-05-26 09:28:26'),
(67, 85, 1, '2025-05-26 09:30:06'),
(68, 85, 2, '2025-05-26 09:30:23'),
(69, 85, 3, '2025-05-26 09:30:33'),
(70, 85, 4, '2025-05-26 09:30:50'),
(71, 85, 5, '2025-05-26 09:30:56'),
(72, 85, 6, '2025-05-26 09:31:06'),
(73, 85, 7, '2025-05-26 09:31:12'),
(74, 85, 8, '2025-05-26 09:31:23'),
(75, 85, 9, '2025-05-26 09:31:33'),
(76, 85, 10, '2025-05-26 09:31:41'),
(77, 85, 11, '2025-05-26 09:31:45'),
(78, 85, 12, '2025-05-26 09:31:50'),
(79, 85, 13, '2025-05-26 09:32:20'),
(80, 85, 14, '2025-05-26 09:32:29'),
(81, 85, 15, '2025-05-26 09:32:37'),
(82, 85, 16, '2025-05-26 09:32:42'),
(83, 85, 17, '2025-05-26 09:32:49'),
(84, 85, 18, '2025-05-26 09:33:07'),
(85, 85, 19, '2025-05-26 09:33:13'),
(86, 85, 21, '2025-05-26 09:33:29'),
(87, 85, 20, '2025-05-26 09:33:34'),
(88, 85, 22, '2025-05-26 09:33:38'),
(89, 85, 23, '2025-05-26 09:33:43'),
(90, 85, 24, '2025-05-26 09:33:49'),
(91, 85, 25, '2025-05-26 09:33:54'),
(92, 85, 26, '2025-05-26 09:34:00'),
(93, 85, 27, '2025-05-26 09:34:05'),
(94, 85, 28, '2025-05-26 09:34:11'),
(95, 85, 29, '2025-05-26 09:34:16'),
(96, 85, 30, '2025-05-26 09:34:21'),
(97, 85, 31, '2025-05-26 09:34:25'),
(98, 85, 104, '2025-05-26 09:34:30'),
(99, 85, 106, '2025-05-26 09:34:36'),
(100, 85, 32, '2025-05-26 09:40:40'),
(101, 85, 33, '2025-05-26 09:41:04'),
(102, 85, 34, '2025-05-26 09:41:09'),
(103, 85, 35, '2025-05-26 09:41:22'),
(104, 85, 36, '2025-05-26 09:41:28'),
(105, 85, 37, '2025-05-26 09:41:36'),
(106, 85, 38, '2025-05-26 09:41:40'),
(107, 85, 39, '2025-05-26 09:41:46'),
(108, 85, 39, '2025-05-26 09:41:51'),
(109, 85, 40, '2025-05-26 09:41:56'),
(110, 85, 41, '2025-05-26 09:42:01'),
(111, 85, 42, '2025-05-26 09:42:05'),
(112, 85, 43, '2025-05-26 09:42:12'),
(113, 85, 44, '2025-05-26 09:42:18'),
(114, 85, 45, '2025-05-26 09:42:22'),
(115, 85, 46, '2025-05-26 09:42:26'),
(116, 85, 47, '2025-05-26 09:42:30'),
(117, 85, 48, '2025-05-26 09:42:34'),
(118, 85, 49, '2025-05-26 09:43:56'),
(119, 85, 50, '2025-05-26 09:44:00'),
(120, 85, 51, '2025-05-26 09:44:12'),
(121, 85, 52, '2025-05-26 09:44:15'),
(122, 85, 53, '2025-05-26 09:44:19'),
(123, 85, 54, '2025-05-26 09:44:23'),
(124, 85, 55, '2025-05-26 09:44:26'),
(125, 85, 56, '2025-05-26 09:44:29'),
(126, 85, 57, '2025-05-26 09:45:11'),
(127, 85, 58, '2025-05-26 09:45:15'),
(128, 85, 59, '2025-05-26 09:45:19'),
(129, 85, 60, '2025-05-26 09:45:22'),
(130, 85, 61, '2025-05-26 09:45:27'),
(131, 85, 62, '2025-05-26 09:45:42'),
(132, 85, 63, '2025-05-26 09:45:46'),
(133, 85, 64, '2025-05-26 09:45:50'),
(134, 85, 65, '2025-05-26 09:45:54'),
(135, 85, 66, '2025-05-26 09:45:59'),
(136, 85, 67, '2025-05-26 09:46:13'),
(137, 85, 68, '2025-05-26 09:46:17'),
(138, 85, 69, '2025-05-26 09:46:20'),
(139, 85, 70, '2025-05-26 09:46:24'),
(140, 85, 70, '2025-05-26 09:46:31'),
(141, 85, 71, '2025-05-26 09:46:59'),
(142, 85, 72, '2025-05-26 09:47:03'),
(143, 85, 73, '2025-05-26 09:47:08'),
(144, 85, 74, '2025-05-26 09:47:12'),
(145, 85, 76, '2025-05-26 09:47:54'),
(146, 85, 77, '2025-05-26 09:48:05'),
(147, 85, 78, '2025-05-26 09:48:09'),
(148, 85, 79, '2025-05-26 09:48:12'),
(149, 85, 80, '2025-05-26 09:48:25'),
(150, 85, 81, '2025-05-26 09:48:29'),
(151, 85, 82, '2025-05-26 09:48:32'),
(152, 85, 83, '2025-05-26 09:48:36'),
(153, 85, 84, '2025-05-26 09:48:39'),
(154, 85, 85, '2025-05-26 09:48:44'),
(155, 85, 86, '2025-05-26 09:48:47'),
(156, 85, 87, '2025-05-26 09:48:50'),
(157, 85, 88, '2025-05-26 09:48:53'),
(158, 85, 89, '2025-05-26 09:48:56'),
(159, 85, 90, '2025-05-26 09:48:59'),
(160, 85, 91, '2025-05-26 09:49:03'),
(161, 85, 85, '2025-05-26 09:49:51'),
(162, 85, 103, '2025-05-26 09:50:45'),
(163, 85, 102, '2025-05-26 09:50:49'),
(164, 85, 101, '2025-05-26 09:50:53'),
(165, 85, 100, '2025-05-26 09:50:56'),
(166, 85, 99, '2025-05-26 09:50:59'),
(167, 85, 98, '2025-05-26 09:51:04'),
(168, 85, 97, '2025-05-26 09:51:09'),
(169, 85, 96, '2025-05-26 09:51:12'),
(170, 85, 95, '2025-05-26 09:51:18'),
(171, 85, 94, '2025-05-26 09:51:33'),
(172, 85, 93, '2025-05-26 09:51:39'),
(173, 85, 92, '2025-05-26 09:51:54'),
(174, 85, 91, '2025-05-26 09:52:09'),
(175, 332, 37, '2025-05-28 09:10:26'),
(176, 332, 37, '2025-05-28 09:10:38'),
(177, 332, 38, '2025-05-28 09:13:40'),
(178, 332, 47, '2025-05-28 09:17:34'),
(179, 332, 48, '2025-05-28 09:18:29'),
(180, 332, 3, '2025-05-28 09:24:47'),
(181, 332, 64, '2025-05-28 09:32:41'),
(182, 332, 65, '2025-05-28 09:33:08'),
(183, 332, 70, '2025-05-28 09:37:38'),
(184, 332, 74, '2025-05-28 09:39:01'),
(185, 19, 1, '2025-06-09 09:37:36'),
(186, 19, 108, '2025-06-09 09:45:51'),
(187, 19, 9, '2025-06-09 09:46:43'),
(188, 19, 21, '2025-06-09 09:50:40'),
(189, 19, 21, '2025-06-09 09:54:35'),
(190, 19, 107, '2025-06-09 09:55:39'),
(191, 19, 108, '2025-06-09 10:02:23'),
(192, 19, 8, '2025-06-09 10:15:35'),
(193, 19, 11, '2025-06-09 10:18:46'),
(194, 19, 108, '2025-06-09 10:25:39'),
(195, 19, 57, '2025-06-09 10:37:56'),
(196, 19, 32, '2025-06-09 10:40:12'),
(197, 74, 61, '2025-06-10 08:15:22'),
(198, 662, 4, '2025-06-17 15:28:26'),
(199, 453, 49, '2025-06-19 09:37:29'),
(200, 453, 50, '2025-06-19 09:37:38'),
(201, 453, 51, '2025-06-19 09:37:43'),
(202, 453, 52, '2025-06-19 09:37:52'),
(203, 453, 53, '2025-06-19 09:37:58'),
(204, 453, 54, '2025-06-19 09:38:03'),
(205, 453, 55, '2025-06-19 09:38:08'),
(206, 453, 55, '2025-06-19 09:38:29'),
(207, 453, 56, '2025-06-19 09:38:34'),
(208, 780, 49, '2025-06-26 17:05:57'),
(209, 780, 37, '2025-06-30 15:11:18'),
(210, 662, 36, '2025-07-01 16:54:08'),
(211, 780, 48, '2025-07-02 15:08:19'),
(212, 780, 3, '2025-07-29 15:12:28'),
(213, 780, 98, '2025-07-29 16:16:39'),
(214, 1214, 34, '2025-07-30 12:58:03'),
(215, 780, 12, '2025-07-30 15:07:11'),
(216, 222, 18, '2025-07-31 18:04:44'),
(217, 754, 69, '2025-08-01 16:34:46'),
(218, 780, 42, '2025-08-05 14:59:54'),
(219, 780, 44, '2025-08-05 15:06:52'),
(220, 780, 101, '2025-08-13 16:16:01'),
(221, 780, 42, '2025-08-13 16:36:00'),
(222, 1325, 108, '2025-08-14 16:17:24'),
(223, 780, 3, '2025-08-15 13:31:05'),
(224, 780, 15, '2025-08-15 14:01:02'),
(225, 662, 14, '2025-08-15 15:45:23'),
(226, 662, 38, '2025-08-21 11:44:40'),
(227, 662, 38, '2025-08-21 18:46:00'),
(228, 662, 36, '2025-08-22 12:39:39'),
(229, 662, 35, '2025-08-22 12:40:13'),
(230, 662, 34, '2025-08-22 12:40:44'),
(231, 780, 3, '2025-08-26 11:28:30'),
(232, 1325, 1, '2025-08-27 17:04:10'),
(233, 332, 72, '2025-08-28 09:37:23'),
(234, 332, 72, '2025-08-28 09:37:34'),
(235, 332, 72, '2025-08-28 09:37:34'),
(236, 332, 72, '2025-08-28 09:37:37'),
(237, 332, 70, '2025-08-28 09:41:33'),
(238, 332, 75, '2025-08-28 09:44:12'),
(239, 332, 106, '2025-08-28 09:58:22'),
(240, 780, 42, '2025-08-29 12:57:27'),
(241, 780, 44, '2025-08-29 13:06:56'),
(242, 780, 53, '2025-08-29 13:07:20'),
(243, 662, 97, '2025-09-15 19:50:46'),
(244, 780, 98, '2025-09-22 13:22:49'),
(245, 44, 17, '2025-10-06 16:08:26');

-- --------------------------------------------------------

--
-- Table structure for table `users`
--

CREATE TABLE `users` (
  `u_id` int(11) NOT NULL COMMENT 'PK คีย์หลักประจำตาราง',
  `firstname` varchar(255) COLLATE utf8mb4_unicode_ci NOT NULL COMMENT 'ชื่อ',
  `lastname` varchar(255) COLLATE utf8mb4_unicode_ci NOT NULL COMMENT 'นามสกุล',
  `username` varchar(255) COLLATE utf8mb4_unicode_ci NOT NULL COMMENT 'ชื่อผู้ใช้งาน',
  `password` varchar(60) COLLATE utf8mb4_unicode_ci NOT NULL COMMENT 'รหัสผ่าน',
  `image` varchar(255) COLLATE utf8mb4_unicode_ci NOT NULL DEFAULT 'avatar.png' COMMENT 'รูปโปรไฟล์',
  `role` enum('superadmin','admin') COLLATE utf8mb4_unicode_ci NOT NULL COMMENT 'สิทธิ์การเข้าใช้งาน',
  `status` enum('true','false') COLLATE utf8mb4_unicode_ci NOT NULL COMMENT 'สถานะเข้าใช้งาน',
  `updated_at` datetime NOT NULL COMMENT 'วันที่แก้ไข',
  `created_at` datetime NOT NULL COMMENT 'วันที่สร้าง'
) ENGINE=InnoDB DEFAULT CHARSET=utf8mb4 COLLATE=utf8mb4_unicode_ci;

--
-- Dumping data for table `users`
--

INSERT INTO `users` (`u_id`, `firstname`, `lastname`, `username`, `password`, `image`, `role`, `status`, `updated_at`, `created_at`) VALUES
(2, 'jetsada', 'Tan', 'jetsada', '$2y$10$113U60uq8IBxLKM9U/PXouijvWg9BJo3Ig0GChwANXkzN4YMZBGxG', 'avatar.png', 'admin', 'true', '2023-10-10 01:48:30', '2023-10-10 01:48:30');

-- --------------------------------------------------------

--
-- Table structure for table `users67`
--

CREATE TABLE `users67` (
  `id` int(11) NOT NULL,
  `first_name` varchar(255) DEFAULT NULL,
  `last_name` varchar(100) DEFAULT NULL,
  `username` varchar(50) DEFAULT NULL,
  `password` varchar(255) DEFAULT NULL,
  `role` enum('Superadmin','Admin','User') DEFAULT NULL,
  `status` enum('Active','Suspended') DEFAULT NULL,
  `campus` varchar(255) DEFAULT NULL,
  `campus_id` int(11) DEFAULT NULL
) ENGINE=InnoDB DEFAULT CHARSET=utf8;

--
-- Dumping data for table `users67`
--

INSERT INTO `users67` (`id`, `first_name`, `last_name`, `username`, `password`, `role`, `status`, `campus`, `campus_id`) VALUES
(1, 'Jetsada', 'Tangjaroen', 'jetsada.ta@mbu.ac.th', '$2y$10$6G33Fy.PzlObYRGxB2n8duFQSbQD1T3x.aX/9kqNEuTqBao4Nvi1G', 'Admin', 'Active', 'มมร', 0);

--
-- Indexes for dumped tables
--

--
-- Indexes for table `doc`
--
ALTER TABLE `doc`
  ADD PRIMARY KEY (`id`);

--
-- Indexes for table `document`
--
ALTER TABLE `document`
  ADD PRIMARY KEY (`id`);

--
-- Indexes for table `document_logs`
--
ALTER TABLE `document_logs`
  ADD PRIMARY KEY (`id`);

--
-- Indexes for table `download_logs`
--
ALTER TABLE `download_logs`
  ADD PRIMARY KEY (`id`);

--
-- Indexes for table `users`
--
ALTER TABLE `users`
  ADD PRIMARY KEY (`u_id`),
  ADD UNIQUE KEY `username` (`username`);

--
-- Indexes for table `users67`
--
ALTER TABLE `users67`
  ADD PRIMARY KEY (`id`);

--
-- AUTO_INCREMENT for dumped tables
--

--
-- AUTO_INCREMENT for table `doc`
--
ALTER TABLE `doc`
  MODIFY `id` int(11) NOT NULL AUTO_INCREMENT, AUTO_INCREMENT=109;

--
-- AUTO_INCREMENT for table `document`
--
ALTER TABLE `document`
  MODIFY `id` int(11) NOT NULL AUTO_INCREMENT, AUTO_INCREMENT=6;

--
-- AUTO_INCREMENT for table `document_logs`
--
ALTER TABLE `document_logs`
  MODIFY `id` int(11) NOT NULL AUTO_INCREMENT, AUTO_INCREMENT=436;

--
-- AUTO_INCREMENT for table `download_logs`
--
ALTER TABLE `download_logs`
  MODIFY `id` int(11) NOT NULL AUTO_INCREMENT, AUTO_INCREMENT=246;

--
-- AUTO_INCREMENT for table `users`
--
ALTER TABLE `users`
  MODIFY `u_id` int(11) NOT NULL AUTO_INCREMENT COMMENT 'PK คีย์หลักประจำตาราง', AUTO_INCREMENT=3;
COMMIT;

/*!40101 SET CHARACTER_SET_CLIENT=@OLD_CHARACTER_SET_CLIENT */;
/*!40101 SET CHARACTER_SET_RESULTS=@OLD_CHARACTER_SET_RESULTS */;
/*!40101 SET COLLATION_CONNECTION=@OLD_COLLATION_CONNECTION */;
